代码,名称,最新价,今日涨跌幅,今日主力净流入(净额),今日主力净流入(净占比),今日超大单净流入(净额),今日超大单净流入(净占比),今日大单净流入(净额),今日大单净流入(净占比),今日中单净流入(净额),今日中单净流入(净占比),今日小单净流入(净额),今日小单净流入(净占比)
BK0987,盐湖提锂,1297.87,-0.16,587395440,4.01,256181536,1.75,331213904,2.26,-168201472,-1.15,-419193952,-2.86
BK0965,社区团购,806.5,1.6,507688576,7.06,549124880,7.63,-41436304,-0.58,-263738624,-3.67,-243949936,-3.39
BK1001,内贸流通,1176.23,0.46,484253840,2.34,823751968,3.99,-339498128,-1.6400000000000001,-465716736,-2.25,-18536960,-0.09
BK0512,化工原料,20066.99,-0.16,478601872,4.22,145973776,1.29,332628096,2.93,-255854688,-2.25,-222747152,-1.96
BK0519,稀缺资源,20149.83,-0.25,419699776,1.9300000000000002,242743872,1.12,176955904,0.81,-495419648,-2.2800000000000002,75719936,0.35000000000000003
BK0561,基本金属,22105.86,-0.47000000000000003,401563328,3.18,200638496,1.5899999999999999,200924832,1.5899999999999999,-327917360,-2.6,-73645952,-0.58
BK1025,预制菜概念,1095.88,0.65,388966976,7.12,392320736,7.18,-3353760,-0.06,-185839712,-3.4,-203310368,-3.7199999999999998
BK1052,动力电池回收,714.2,0.54,303322784,3.29,224114624,2.43,79208160,0.86,-114358688,-1.24,-188964096,-2.05
BK0999,茅指数,701.62,-0.5,269500416,0.59,-277568512,-0.61,547068928,1.2,-453740288,-0.99,184240128,0.4
BK0896,白酒,2488.88,0.14,244467184,1.6,306998944,2.01,-62531760,-0.41000000000000003,-320090368,-2.1,75623184,0.5
BK1000,宁组合,588.47,-0.54,239190448,1.1400000000000001,149815216,0.71,89375232,0.43,-87536384,-0.42,-151653888,-0.72
BK0811,超级品牌,2367.75,-0.15,219224992,1.25,263114912,1.5,-43889920,-0.25,-426259200,-2.43,207034320,1.18
BK0492,煤化工,8670.83,-0.19,199972096,1.54,60497280,0.47000000000000003,139474816,1.07,-217477456,-1.67,17647056,0.14
BK0928,抖音小店,937.61,0.8,113923572,4.96,118650292,5.16,-4726720,-0.21,-71754512,-3.12,-42169056,-1.8399999999999999
BK1115,跨境电商,1103.97,0.76,97698704,0.51,292440720,1.53,-194742016,-1.02,-83183872,-0.43,-14549248,-0.08
BK1010,磷化工,684.07,0.09,93851232,1.04,75637136,0.84,18214096,0.2,-199342608,-2.21,105491376,1.17
BK0951,刀片电池,2342.93,0.29,79146144,1.4,107896880,1.9100000000000001,-28750736,-0.51,-88361824,-1.57,9215680,0.16
BK0690,氟化工,3320.02,-0.01,78772672,0.91,-29613488,-0.34,108386160,1.25,-81027280,-0.93,2254592,0.03
BK0692,在线旅游,1574.38,-0.41000000000000003,76023657,2.77,71188089,2.6,4835568,0.18,-25680768,-0.9400000000000001,-50342896,-1.8399999999999999
BK0968,固态电池,1562.08,-0.05,73335536,0.37,26457328,0.13,46878208,0.24,-347480832,-1.76,274145536,1.3900000000000001
BK0957,拼多多概念,957.15,-0.16,58723579,2.9,103053083,5.09,-44329504,-2.19,-15893088,-0.79,-42830480,-2.12
BK0825,新零售,892.49,1.1400000000000001,49184560,0.21,189913136,0.81,-140728576,-0.6000000000000001,-160441344,-0.68,111256832,0.47000000000000003
BK1100,减速器,1067.72,1.81,44643376,0.28,101564912,0.63,-56921536,-0.36,146960128,0.92,-191603456,-1.2
BK1068,净水概念,997.44,-1.13,38164163,1.31,18282979,0.63,19881184,0.68,-12567776,-0.43,-25596384,-0.88
BK0974,化妆品概念,1012.2,0.27,31108912,0.5700000000000001,55821552,1.01,-24712640,-0.45,-33563008,-0.61,2454112,0.04
BK0850,进口博览,945.01,0.43,26893991,1.21,42860631,1.9300000000000002,-15966640,-0.72,-74884288,-3.37,47990304,2.16
BK0614,食品安全,5522.36,-0.54,26589968,0.54,49213424,1.0,-22623456,-0.46,-157851616,-3.21,131261632,2.67
BK0899,CRO,1531.82,-1.11,23627838,0.61,24908062,0.64,-1280224,-0.03,-57697776,-1.49,34069936,0.88
BK0822,租售同权,701.47,0.01,15190016,0.4,-34438304,-0.9,49628320,1.3,-187400368,-4.92,172210352,4.52
BK1012,PVDF概念,804.23,0.06,14005242,0.43,-69577830,-2.12,83583072,2.54,-7748096,-0.24,-6257152,-0.19
BK1011,环氧丙烷,567.17,-0.18,12099726,0.5700000000000001,-18978386,-0.89,31078112,1.46,28188944,1.32,-40483440,-1.9
BK1051,昨日连板_含一字,2942.56,10.0,10890990,42.19,12087306,46.82,-1196316,-4.63,-4541988,-17.59,-6349002,-24.59
BK0816,昨日连板,684.0,10.0,10890990,42.19,12087306,46.82,-1196316,-4.63,-4541988,-17.59,-6349002,-24.59
BK0950,草甘膦,1786.73,-0.02,10655173,0.47000000000000003,29227109,1.29,-18571936,-0.8200000000000001,-94436816,-4.15,83781648,3.68
BK0895,维生素,1473.26,-0.27,7530683,0.43,19223323,1.11,-11692640,-0.68,-87861104,-5.07,79268496,4.58
BK0993,宠物经济,673.48,-0.41000000000000003,6230708,0.36,42347988,2.42,-36117280,-2.07,-6026464,-0.34,-204256,-0.01
BK1053,低价股,847.88,0.12,3539824,0.02,46696048,0.28,-43156224,-0.26,-338452224,-2.01,334912512,1.99
BK0685,举牌,2124.37,-0.41000000000000003,632085,0.06,16539440,1.65,-15907355,-1.5899999999999999,-17556416,-1.75,16924352,1.69
BK0949,氦气概念,1492.81,-0.96,590259,0.07,20371404,2.54,-19781145,-2.46,-43026759,-5.36,42436496,5.29
BK0636,B股,875.33,-0.39,-2979061,-3.7199999999999998,-2747046,-3.43,-232015,-0.29,-1454774,-1.82,4433836,5.54
BK1131,同步磁阻电机,1148.11,-1.37,-6303883,-0.46,-13452539,-0.98,7148656,0.52,10458608,0.76,-4154720,-0.30000000000000004
BK0973,注射器概念,1153.11,-0.78,-7856606,-0.89,-13329643,-1.52,5473037,0.62,-26374112,-3.0,34230720,3.9
BK1092,麒麟电池,885.8,-2.2800000000000002,-9872608,-0.2,-83560480,-1.6800000000000002,73687872,1.48,-53049056,-1.06,62921664,1.26
BK0872,青蒿素,1473.23,-0.59,-12393527,-1.11,2303868,0.21,-14697395,-1.32,-41704608,-3.74,54098144,4.85
BK0805,钛白粉,1156.41,0.44,-12512419,-1.1,-889724,-0.08,-11622695,-1.02,-32175616,-2.83,44688048,3.93
BK1063,重组蛋白,704.96,-0.23,-12697342,-2.81,-6285306,-1.3900000000000001,-6412036,-1.42,-13042213,-2.88,31561824,6.98
BK0849,京东金融,1191.2,-0.64,-14400940,-1.35,-1584300,-0.15,-12816640,-1.2,15199008,1.43,-798064,-0.07
BK0803,股权转让,622.18,-0.8200000000000001,-15435887,-1.43,-6840107,-0.63,-8595780,-0.79,-4731072,-0.44,20166960,1.8599999999999999
BK1082,噪声防治,1106.77,-1.26,-16234045,-3.56,-7221534,-1.58,-9012511,-1.98,12498956,2.74,3735089,0.8200000000000001
BK0929,地塞米松,1195.44,-0.21,-19393373,-2.46,1144258,0.15,-20537631,-2.61,-14119598,-1.79,33512976,4.26
BK0520,社保重仓,10572.01,-0.55,-21082878,-0.5700000000000001,47028946,1.26,-68111824,-1.83,-80006256,-2.14,101089136,2.71
BK1077,统一大市场,963.82,0.07,-24260958,-0.92,28102882,1.07,-52363840,-1.99,-17518256,-0.67,43691008,1.6600000000000001
BK0944,肝素概念,740.36,0.04,-26444484,-2.92,-20678206,-2.2800000000000002,-5766278,-0.64,-16771792,-1.85,43216272,4.77
BK0866,人造肉,955.85,-0.51,-26453640,-3.86,-3675773,-0.54,-22777867,-3.32,-27485245,-4.01,53938890,7.87
BK0967,水产养殖,904.04,-0.48,-27478903,-1.24,-17442151,-0.79,-10036752,-0.45,26193040,1.18,1285840,0.06
BK0894,阿兹海默,1319.11,-0.9,-28257694,-3.31,-24646834,-2.88,-3610860,-0.42,-21752080,-2.54,50009776,5.85
BK0635,中超概念,1957.74,-0.8200000000000001,-29453852,-5.19,-9171604,-1.62,-20282248,-3.58,-2406200,-0.42,31860051,5.62
BK1073,啤酒概念,1022.32,0.13,-31204240,-1.27,-2968048,-0.12,-28236192,-1.15,-28883568,-1.18,60087808,2.45
BK0996,毛发医疗,934.26,0.04,-32003978,-2.27,9440717,0.67,-41444695,-2.94,-55401344,-3.93,87405328,6.21
BK0943,汽车拆解,918.41,-0.42,-33100338,-2.54,19314689,1.48,-52415027,-4.03,-22076944,-1.7000000000000002,55177280,4.24
BK0708,体育产业,1104.91,-0.55,-36295888,-0.28,227266016,1.75,-263561904,-2.03,-217755488,-1.6800000000000002,253901296,1.96
BK1123,蒙脱石散,943.15,-0.45,-38929291,-6.52,-14958186,-2.5,-23971105,-4.01,-12411897,-2.08,51341191,8.6
BK1122,血氧仪,941.52,-0.63,-39071534,-3.38,-13063128,-1.13,-26008406,-2.25,-22321424,-1.9300000000000002,61356144,5.31
BK0945,装配建筑,951.21,-0.63,-43115840,-0.4,55561280,0.51,-98677120,-0.91,-147833184,-1.3599999999999999,188153888,1.74
BK1116,抗菌面料,1094.45,-0.14,-43919509,-4.16,-31244922,-2.96,-12674587,-1.2,40545424,3.84,3374080,0.32
BK0933,退税商店,1085.16,1.2,-44915136,-1.6,-2129152,-0.08,-42785984,-1.53,33834464,1.21,11080672,0.4
BK0622,地热能,3157.75,-1.25,-50255547,-4.84,-20240582,-1.9500000000000002,-30014965,-2.89,-32724672,-3.15,82980224,8.0
BK1079,户外露营,1081.9,-0.81,-51650964,-3.56,-23640637,-1.63,-28010327,-1.9300000000000002,3246960,0.22,48404016,3.34
BK0709,赛马概念,690.91,-0.12,-51885668,-9.82,-39234068,-7.43,-12651600,-2.4,10542126,2.0,41343543,7.83
BK1096,光伏高速公路,1064.63,-1.56,-52362634,-11.5,-34351249,-7.55,-18011385,-3.96,17997630,3.95,34365005,7.55
BK1121,第四代半导体,1125.11,-1.1,-57423371,-9.32,-21280358,-3.45,-36143013,-5.87,-18020486,-2.93,75443858,12.25
BK1006,碳基材料,807.13,-0.66,-57741402,-2.86,-38655946,-1.9100000000000001,-19085456,-0.9400000000000001,-56926816,-2.8200000000000003,114668208,5.68
BK1103,熔盐储能,774.39,-0.9400000000000001,-61384937,-7.1,-13215347,-1.53,-48169590,-5.57,-40328672,-4.66,100858368,11.66
BK1023,培育钻石,947.19,-0.8300000000000001,-61476268,-4.69,7438752,0.5700000000000001,-68915020,-5.26,-23783472,-1.81,85238784,6.5
BK1105,世界杯,1339.75,-1.6800000000000002,-65069428,-2.25,-35283652,-1.22,-29785776,-1.03,-82671312,-2.86,147740720,5.11
BK0927,免税概念,1182.52,0.91,-65577648,-0.76,-55506000,-0.64,-10071648,-0.12,-21797280,-0.25,87374912,1.01
BK0938,代糖概念,930.76,-0.87,-68451698,-6.11,-43622967,-3.9,-24828731,-2.22,7979344,0.71,60472368,5.4
BK0934,蝗虫防治,1457.39,-0.87,-68610926,-5.38,-12400719,-0.97,-56210207,-4.41,-29823008,-2.34,98433936,7.72
BK0936,长寿药,990.96,-0.42,-71797715,-5.84,-11277106,-0.92,-60520609,-4.92,-28793232,-2.34,100590944,8.18
BK0962,RCEP概念,1053.0,-0.53,-72937374,-3.46,2803570,0.13,-75740944,-3.59,-48620496,-2.3,121557872,5.76
BK0831,万达概念,899.84,-0.71,-73092127,-3.45,-56313327,-2.66,-16778800,-0.79,-31562064,-1.49,104654192,4.94
BK1026,调味品概念,913.73,-0.26,-74033483,-2.38,-33917275,-1.09,-40116208,-1.29,-39982368,-1.29,114015856,3.67
BK1066,民爆概念,1046.22,-1.28,-74537492,-6.75,-30590724,-2.77,-43946768,-3.98,-10038864,-0.91,84576352,7.66
BK0806,精准医疗,981.87,-0.42,-77286653,-1.94,-96591629,-2.42,19304976,0.48,1281216,0.03,76005440,1.9
BK0669,生态农业,1279.34,-0.27,-82476199,-2.24,-34404727,-0.93,-48071472,-1.3,-35822800,-0.97,118299008,3.21
BK1014,发电机概念,977.71,-1.94,-85048790,-7.35,-26151188,-2.26,-58897602,-5.09,-26456496,-2.29,111505280,9.64
BK1080,新型城镇化,836.6,-0.67,-86695768,-1.45,34959752,0.58,-121655520,-2.03,-19334688,-0.32,106030432,1.77
BK0724,海绵城市,818.41,-0.43,-86986384,-1.4100000000000001,55469904,0.9,-142456288,-2.31,-76326272,-1.24,163312656,2.65
BK1109,供销社概念,1079.52,-0.72,-87350052,-4.96,-15137748,-0.86,-72212304,-4.1,-37631744,-2.14,124981808,7.1
BK0548,生物疫苗,27595.85,-0.30000000000000004,-87402048,-1.1,-40793392,-0.51,-46608656,-0.59,-118435520,-1.49,211664976,2.66
BK0986,CAR-T细胞疗法,853.95,-1.0,-87431306,-3.31,-59645578,-2.26,-27785728,-1.05,-19464688,-0.74,106840576,4.05
BK0818,可燃冰,1044.57,-0.73,-92614562,-7.35,-32321134,-2.5700000000000003,-60293428,-4.79,8869104,0.7000000000000001,83745456,6.65
BK0887,鸡肉概念,893.1,-0.73,-93686688,-4.94,-39877936,-2.1,-53808752,-2.84,-17038816,-0.9,110725504,5.83
BK1076,建筑节能,890.58,-0.73,-95345620,-3.0,-23832500,-0.75,-71513120,-2.25,16554848,0.52,78790768,2.48
BK1083,千金藤素,968.44,-1.02,-95446056,-18.09,-83021926,-15.74,-12424130,-2.35,540151,0.1,94905905,17.99
BK1070,土壤修复,801.24,-0.85,-97034585,-4.2,-82455193,-3.5700000000000003,-14579392,-0.63,6092240,0.26,90942352,3.94
BK1108,科创板做市股,903.42,-1.18,-97938192,-1.34,-259003728,-3.54,161065536,2.2,79823216,1.09,18114976,0.25
BK0914,医废处理,1093.58,-0.72,-100842298,-4.04,19628726,0.79,-120471024,-4.83,-25992736,-1.04,126835040,5.08
BK1117,抗原检测,801.33,-0.53,-114336521,-3.2,-81031769,-2.27,-33304752,-0.93,-41586480,-1.16,155923008,4.36
BK0978,光伏建筑一体化,1371.4,-0.97,-115972512,-0.77,130245568,0.87,-246218080,-1.6400000000000001,-98218752,-0.66,214237696,1.43
BK0841,体外诊断,1264.5,-0.58,-117291739,-2.64,-102312667,-2.3,-14979072,-0.34,-99766416,-2.24,217058160,4.88
BK1120,熊去氧胆酸,903.74,-0.25,-118775287,-6.63,-99669767,-5.57,-19105520,-1.07,-26607472,-1.49,145382768,8.12
BK1086,粮食概念,855.53,-0.27,-119548945,-2.93,8607,0.0,-119557552,-2.93,-3300832,-0.08,122849792,3.01
BK1098,生物质能发电,902.94,-1.26,-119602635,-9.92,-34065735,-2.83,-85536900,-7.1,-6401856,-0.53,126004496,10.45
BK0536,基金重仓,11498.09,-0.6000000000000001,-119892048,-1.13,-102905232,-0.97,-16986816,-0.16,-82575744,-0.78,202467792,1.9100000000000001
BK0979,低碳冶金,1120.09,-0.56,-121631181,-10.59,-28839817,-2.51,-92791364,-8.08,24099904,2.1,97531280,8.49
BK0907,转基因,1541.22,-0.65,-124550675,-5.62,-36218131,-1.63,-88332544,-3.99,-13429264,-0.61,137979936,6.23
BK1062,新冠检测,680.2,-0.52,-125071008,-2.31,-110117792,-2.03,-14953216,-0.28,1175424,0.02,123895584,2.29
BK0679,超导概念,2804.2,-1.55,-128014652,-7.96,-58144348,-3.62,-69870304,-4.35,-2206560,-0.14,130221232,8.1
BK1114,人造太阳,958.73,-1.6,-128475594,-11.3,-48054827,-4.23,-80420767,-7.07,-5699376,-0.5,134174944,11.8
BK0924,地摊经济,1484.26,-0.15,-128597792,-1.21,121292880,1.1400000000000001,-249890672,-2.36,-185914304,-1.75,314512112,2.96
BK0909,降解塑料,1436.98,-0.68,-129612111,-2.94,33332865,0.76,-162944976,-3.69,-107408000,-2.43,236985856,5.37
BK1119,PLC概念,1240.9,-2.39,-131488996,-7.08,-73739620,-3.9699999999999998,-57749376,-3.11,24344240,1.31,107144752,5.77
BK1085,痘病毒防治,856.6,-0.66,-132617260,-5.84,-60195484,-2.65,-72421776,-3.19,-41971024,-1.85,174588288,7.69
BK1102,空气能热泵,1071.96,-1.23,-135780416,-2.5300000000000002,-70031472,-1.31,-65748944,-1.23,-72057664,-1.34,207838096,3.88
BK0862,超级真菌,1148.1,-0.56,-137039801,-6.98,-108749705,-5.54,-28290096,-1.44,77772256,3.96,59267552,3.02
BK1093,汽车一体化压铸,1067.8,-2.32,-138975488,-2.95,-27334688,-0.58,-111640800,-2.37,-107357888,-2.2800000000000002,246333376,5.23
BK0888,农业种植,1869.74,-0.34,-139085312,-1.63,-526080,-0.01,-138559232,-1.63,-79134192,-0.93,218179552,2.56
BK0632,土地流转,1531.24,-0.33,-142937101,-3.47,-109126061,-2.65,-33811040,-0.8200000000000001,-24506656,-0.59,167443760,4.06
BK0698,免疫治疗,1327.76,-0.59,-143627420,-5.12,-47615196,-1.7000000000000002,-96012224,-3.43,-85953264,-3.07,229580656,8.19
BK0511,ST股,7836.91,-0.2,-145292089,-3.87,-90553593,-2.41,-54738496,-1.46,27557872,0.73,117734208,3.14
BK1065,气溶胶检测,1096.19,-1.47,-146541686,-9.75,-25109926,-1.67,-121431760,-8.08,-20671456,-1.37,167213152,11.12
BK0892,乳业,1075.39,0.5,-147200328,-3.8200000000000003,-96936632,-2.51,-50263696,-1.3,202208,0.01,146998112,3.81
BK0990,快递概念,792.82,-0.71,-148699387,-5.49,-103737563,-3.83,-44961824,-1.6600000000000001,22222448,0.8200000000000001,126442688,4.66
BK0961,有机硅,1371.38,-0.9400000000000001,-148757933,-4.49,-59098973,-1.78,-89658960,-2.71,-28782656,-0.87,177540608,5.36
BK1069,智慧灯杆,1234.17,-1.96,-149711253,-3.81,-143015221,-3.64,-6696032,-0.17,-124842896,-3.18,274308944,6.99
BK0913,消毒剂,1194.87,-0.42,-151973216,-2.21,-62307648,-0.91,-89665568,-1.3,-84889056,-1.23,236862272,3.44
BK1056,幽门螺杆菌概念,865.69,-0.55,-153317458,-5.22,-54341522,-1.85,-98975936,-3.37,-60879424,-2.07,214196880,7.29
BK0941,疫苗冷链,1156.02,-0.99,-153404100,-5.06,-36565236,-1.21,-116838864,-3.86,-13739504,-0.45,167143616,5.51
BK0693,基因测序,1920.55,-0.22,-153866992,-2.77,-150258480,-2.71,-3608512,-0.06,-12332656,-0.22,172021920,3.1
BK1094,钙钛矿电池,948.14,-1.11,-154593072,-2.67,-83063920,-1.43,-71529152,-1.23,-4412224,-0.08,159005280,2.74
BK0889,医疗美容,1633.76,-0.11,-157608992,-2.17,-60690960,-0.84,-96918032,-1.33,-29218720,-0.4,186827696,2.5700000000000003
BK0890,MLCC,2247.17,-2.2,-163058282,-7.77,-24634906,-1.17,-138423376,-6.6,-48428944,-2.31,211487200,10.08
BK1078,肝炎概念,1052.42,-0.5,-164752962,-5.99,-118997282,-4.33,-45755680,-1.6600000000000001,-40014896,-1.46,204767856,7.45
BK0981,工业气体,1435.13,-0.85,-167498463,-5.95,-145189935,-5.16,-22308528,-0.79,-14589184,-0.52,178759248,6.35
BK0983,核污染防治,1154.86,-0.86,-169165378,-6.21,-32800562,-1.2,-136364816,-5.0,5797184,0.21,163368192,5.99
BK0563,油价相关,5567.28,-1.01,-169463088,-6.12,-145763984,-5.26,-23699104,-0.86,30337168,1.1,139125920,5.02
BK0807,共享经济,838.74,-1.29,-170539509,-8.28,-49527109,-2.41,-121012400,-5.88,-22767696,-1.11,193307200,9.39
BK1054,DRG/DIP,940.74,-2.89,-171616802,-6.79,-109084338,-4.32,-62532464,-2.48,-22322752,-0.88,193939552,7.68
BK1095,钒电池,994.02,-0.81,-174379212,-7.14,-60268108,-2.47,-114111104,-4.67,-31261392,-1.28,205640608,8.42
BK0868,GDR,841.03,-0.48,-183482704,-4.39,-133685856,-3.2,-49796848,-1.19,113448160,2.71,70034544,1.67
BK0991,工程机械概念,1053.91,-1.19,-185823360,-3.43,-93527552,-1.73,-92295808,-1.7000000000000002,26774448,0.49,157572368,2.91
BK1074,托育服务,795.82,-0.59,-186011625,-10.03,-91325913,-4.93,-94685712,-5.11,37901616,2.04,148110016,7.99
BK1099,轮毂电机,902.87,-2.26,-196878449,-6.87,-121497777,-4.24,-75380672,-2.63,12676912,0.44,184201536,6.43
BK1072,中俄贸易概念,1094.52,-0.92,-198452704,-3.35,26975472,0.46,-225428176,-3.81,-74687088,-1.26,273139776,4.61
BK0675,病毒防治,2563.32,-0.41000000000000003,-201099248,-1.9,-51668448,-0.49,-149430800,-1.4100000000000001,-189912544,-1.8,391011776,3.7
BK0676,独家药品,2609.18,-0.33,-201511216,-3.94,-129024816,-2.52,-72486400,-1.42,-84020352,-1.6400000000000001,285531568,5.59
BK1060,新冠药物,781.55,-0.39,-203518918,-4.46,-116939510,-2.56,-86579408,-1.9,-60815104,-1.33,264278624,5.79
BK1113,复合集流体,924.77,-1.51,-204810169,-8.3,-51621161,-2.09,-153189008,-6.21,1076800,0.04,203733392,8.25
BK0925,北交所概念,1689.26,-0.9,-206193920,-3.75,-100724592,-1.83,-105469328,-1.92,-16446000,-0.30000000000000004,222639904,4.05
BK1125,电子后视镜,1150.04,-2.3,-209273077,-7.54,-76958453,-2.77,-132314624,-4.77,38002736,1.37,171270352,6.17
BK0855,纳米银,1341.79,-1.0,-210108128,-8.88,-56745472,-2.4,-153362656,-6.48,56995504,2.41,153112608,6.47
BK0906,流感,1503.03,-0.36,-213502400,-2.74,-91239808,-1.17,-122262592,-1.57,-124797904,-1.6,338300320,4.35
BK0817,昨日触板,1.54,-0.65,-213559968,-2.25,-104942272,-1.1,-108617696,-1.1400000000000001,35355984,0.37,178203984,1.88
BK0939,辅助生殖,1019.04,-0.6000000000000001,-215890941,-6.09,-138852429,-3.91,-77038512,-2.17,-36907248,-1.04,252798176,7.13
BK0870,单抗概念,1449.52,-0.6900000000000001,-217561286,-4.36,-137084678,-2.75,-80476608,-1.6099999999999999,47191312,0.9500000000000001,170369968,3.41
BK1143,空间计算,954.96,-1.49,-219598183,-5.49,-93355271,-2.33,-126242912,-3.16,35458096,0.89,184140096,4.6
BK1058,地下管网,924.73,-0.89,-222721452,-5.5600000000000005,-48366300,-1.21,-174355152,-4.36,44047520,1.1,178532256,4.46
BK1084,数字哨兵,1620.48,-2.55,-226471649,-11.21,-110528497,-5.47,-115943152,-5.74,16233776,0.8,210237872,10.41
BK1007,植物照明,852.6,-2.24,-234542318,-7.0,-152154462,-4.54,-82387856,-2.46,-100258400,-2.99,334800720,9.99
BK0904,广电,1212.04,-1.63,-238883883,-9.1,-143540075,-5.47,-95343808,-3.63,3458432,0.13,234484832,8.93
BK0954,盲盒经济,1076.1,-0.88,-240194208,-5.68,-182795040,-4.32,-57399168,-1.3599999999999999,32729360,0.77,207464848,4.9
BK1107,科创板做市商,1154.01,-0.77,-241605232,-5.2,-198086368,-4.27,-43518864,-0.9400000000000001,108127840,2.33,133477392,2.87
BK0932,尾气治理,1319.91,-1.15,-244808438,-6.61,-72214774,-1.9500000000000002,-172593664,-4.66,-18229296,-0.49,261897600,7.07
BK1106,创新药,1047.74,-0.71,-244996803,-4.6,-153864883,-2.89,-91131920,-1.71,-2335248,-0.04,247332048,4.64
BK0988,钠离子电池,1324.76,-0.99,-251398304,-2.33,-168251376,-1.56,-83146928,-0.77,-159227728,-1.47,410626048,3.8
BK0946,EDA概念,1064.48,-2.5,-254046864,-7.31,-32189216,-0.93,-221857648,-6.38,-45944192,-1.32,299991056,8.63
BK1097,TOPCon电池,967.23,-1.09,-258396976,-3.05,-98223552,-1.16,-160173424,-1.8900000000000001,-35938112,-0.42,294335104,3.48
BK0566,滨海新区,10530.35,-1.31,-268501710,-9.3,7710130,0.27,-276211840,-9.57,-58351440,-2.02,326853152,11.32
BK0992,REITs概念,743.74,-0.17,-268611920,-4.28,-211975472,-3.38,-56636448,-0.9,-117854672,-1.88,386466592,6.16
BK0643,上海自贸,2559.91,-1.01,-269712595,-8.02,-176034707,-5.23,-93677888,-2.79,15592512,0.46,254120080,7.5600000000000005
BK0677,粤港自贸,2430.75,-0.67,-272890464,-4.28,-93637328,-1.47,-179253136,-2.81,-85271504,-1.34,358161984,5.62
BK0955,C2M概念,1072.03,-0.34,-277004928,-4.64,-167440208,-2.81,-109564720,-1.8399999999999999,93295072,1.56,183709856,3.08
BK1132,MLOps概念,1054.79,-3.48,-278581245,-11.35,-112553213,-4.59,-166028032,-6.77,62557648,2.55,216023632,8.8
BK0975,磁悬浮概念,1466.4,-1.3900000000000001,-279647734,-6.25,-114732646,-2.56,-164915088,-3.68,-25264480,-0.56,304912224,6.8100000000000005
BK0695,小金属概念,2268.3,-0.6000000000000001,-283301776,-1.18,-97318032,-0.41000000000000003,-185983744,-0.78,-172854272,-0.72,456155904,1.9
BK1130,时空大数据,991.96,-2.35,-284632518,-10.03,-141798742,-5.0,-142833776,-5.03,-5701280,-0.2,290333792,10.23
BK0665,电商概念,1845.18,0.33,-287799040,-0.47000000000000003,398520576,0.65,-686319616,-1.12,-770225152,-1.25,1057989376,1.72
BK0908,HIT电池,3028.15,-1.15,-288890560,-2.13,182702640,1.35,-471593200,-3.48,-133983120,-0.99,422873584,3.12
BK0603,页岩气,1726.67,-0.77,-290946944,-5.71,-144959232,-2.84,-145987712,-2.86,2910784,0.06,287211248,5.63
BK0672,沪企改革,2107.09,-0.65,-297702117,-6.79,-185738533,-4.24,-111963584,-2.56,31758720,0.72,265943392,6.07
BK1003,抽水蓄能,1181.29,-1.33,-298583912,-7.82,-99297336,-2.6,-199286576,-5.22,-47078704,-1.23,345662624,9.06
BK0980,债转股,913.47,-0.88,-300872704,-4.5600000000000005,-138308592,-2.1,-162564112,-2.46,-30279888,-0.46,331152608,5.02
BK0882,猪肉概念,1408.28,-0.9,-308807072,-5.83,-154607280,-2.92,-154199792,-2.91,-112066576,-2.12,420873648,7.95
BK0985,换电概念,1247.84,-1.26,-313208420,-4.31,-277902340,-3.83,-35306080,-0.49,-129937168,-1.79,443145584,6.1
BK0606,油气设服,1462.92,-1.05,-330938464,-5.01,-78963872,-1.2,-251974592,-3.8200000000000003,-45816272,-0.6900000000000001,374658656,5.67
BK0617,石墨烯,1877.58,-0.88,-348265664,-4.08,-123560432,-1.45,-224705232,-2.63,-9274320,-0.11,350749968,4.11
BK0664,婴童概念,1381.78,0.04,-354398832,-2.2800000000000002,-165428384,-1.06,-188970448,-1.21,-42755328,-0.27,397154048,2.55
BK0873,垃圾分类,1214.68,-1.19,-354985776,-3.96,-116158768,-1.3,-238827008,-2.66,-58749488,-0.66,413485776,4.61
BK0838,东北振兴,988.17,-0.9400000000000001,-357294944,-5.96,-175464912,-2.93,-181830032,-3.03,-17684272,-0.30000000000000004,374979232,6.26
BK1142,裸眼3D,957.06,-2.17,-360398720,-10.67,-92001696,-2.7199999999999998,-268397024,-7.95,27738528,0.8200000000000001,332660176,9.85
BK0976,被动元件,1182.55,-2.19,-365299192,-7.47,-127939448,-2.62,-237359744,-4.85,-98596672,-2.02,463895856,9.48
BK0982,电子车牌,1150.55,-2.08,-367357792,-9.89,-237289200,-6.39,-130068592,-3.5,130835104,3.52,236522704,6.37
BK1081,核酸采样亭,1390.47,-1.74,-368112832,-8.66,-257407808,-6.06,-110705024,-2.61,89176432,2.1,278936400,6.5600000000000005
BK0856,工业大麻,1488.79,-0.5700000000000001,-370687360,-6.52,-191886528,-3.37,-178800832,-3.14,85313200,1.5,285374160,5.02
BK0656,智能电视,955.46,-1.49,-377800468,-11.12,-265927572,-7.83,-111872896,-3.29,56226128,1.65,321574336,9.46
BK1057,电子纸概念,909.79,-2.26,-381282704,-11.63,-84044672,-2.56,-297238032,-9.07,-34362752,-1.05,415645456,12.68
BK0719,健康中国,1151.81,-0.51,-409783760,-2.25,-409698688,-2.25,-85072,0.0,-28981504,-0.16,438765312,2.41
BK0623,海洋经济,2251.01,-0.9,-414978493,-10.42,-144322237,-3.62,-270656256,-6.79,21866144,0.55,393112336,9.87
BK0615,中药概念,2112.14,-0.45,-415360352,-3.31,-142957504,-1.1400000000000001,-272402848,-2.17,-186785184,-1.49,602041088,4.8
BK0959,数字阅读,1341.64,-2.55,-418380516,-11.39,-211718804,-5.77,-206661712,-5.63,-1315536,-0.04,419696048,11.43
BK0948,MicroLED,881.74,-1.6,-419380304,-11.36,-68110640,-1.8399999999999999,-351269664,-9.51,-60371408,-1.6400000000000001,479751728,12.99
BK0625,通用航空,4137.2,-1.27,-431032832,-6.62,-176325056,-2.71,-254707776,-3.91,50911664,0.78,380121168,5.84
BK1022,职业教育,1103.2,-0.9400000000000001,-436406720,-4.02,-209925632,-1.9300000000000002,-226481088,-2.08,-2796384,-0.03,440019248,4.05
BK1087,超超临界发电,1200.13,-1.16,-440662400,-7.53,-215291984,-3.68,-225370416,-3.85,23888096,0.41000000000000003,416774288,7.12
BK0898,胎压监测,1770.24,-2.54,-445477149,-7.54,-276302445,-4.68,-169174704,-2.86,-17563008,-0.30000000000000004,463040144,7.84
BK0820,壳资源,1011.95,-0.8,-447183200,-6.41,-107489936,-1.54,-339693264,-4.87,-27103184,-0.39,474286384,6.8
BK0604,参股保险,2164.72,-0.30000000000000004,-465006272,-3.0,-131652464,-0.85,-333353808,-2.15,-186795520,-1.2,651801856,4.2
BK0597,水利建设,1488.21,-1.26,-483770112,-3.7,-74597424,-0.5700000000000001,-409172688,-3.13,-87405568,-0.67,571175760,4.36
BK1071,跨境支付,1014.1,-0.65,-484403248,-4.27,-159718416,-1.4100000000000001,-324684832,-2.86,-24945584,-0.22,509348816,4.48
BK0847,影视概念,847.63,-0.8,-484668768,-3.56,-242696176,-1.78,-241972592,-1.78,29032960,0.21,454695120,3.34
BK0843,天然气,1227.69,-1.06,-488806480,-3.76,-211458656,-1.63,-277347824,-2.13,-58772304,-0.45,545417216,4.2
BK0875,ETC,1515.08,-1.8900000000000001,-489079152,-5.82,-225794576,-2.69,-263284576,-3.13,-81665152,-0.97,570744288,6.79
BK1129,数字水印,927.28,-2.56,-500093332,-11.67,-210852484,-4.92,-289240848,-6.75,75236784,1.76,424856544,9.91
BK0633,送转预期,1747.86,-0.86,-502177424,-5.3,-561843632,-5.92,59666208,0.63,1002272,0.01,501175168,5.28
BK0956,eSIM,1448.55,-2.15,-507273008,-12.47,-359710896,-8.84,-147562112,-3.63,67813024,1.67,439459968,10.8
BK0524,参股期货,25278.47,-0.59,-511792976,-5.63,-309715488,-3.41,-202077488,-2.22,61967472,0.68,449825504,4.95
BK0995,华为昇腾,1011.34,-1.46,-518210592,-9.39,-257698480,-4.67,-260512112,-4.72,-79737120,-1.44,597947712,10.83
BK0901,3D摄像头,1058.41,-2.37,-522406656,-7.28,-448954544,-6.26,-73452112,-1.02,-73887600,-1.03,596294272,8.31
BK0994,空间站概念,1336.88,-2.49,-523733360,-14.41,-286401248,-7.88,-237332112,-6.53,102935088,2.83,420798272,11.58
BK0880,UWB概念,1071.7,-2.9699999999999998,-529409216,-10.05,-205608576,-3.9,-323800640,-6.14,86874544,1.65,442534656,8.4
BK1075,电子身份证,1114.22,-1.98,-530155504,-8.22,-156627056,-2.43,-373528448,-5.79,-75034944,-1.16,605190448,9.38
BK0684,京津冀,1442.05,-0.37,-544109808,-7.07,-178062656,-2.31,-366047152,-4.76,-6891344,-0.09,551001136,7.16
BK0578,稀土永磁,2019.01,-1.3599999999999999,-550876032,-4.99,-135870928,-1.23,-415005104,-3.76,-47530400,-0.43,596000800,5.4
BK0842,富士康,1422.8,-2.2800000000000002,-573549664,-7.43,-339026608,-4.39,-234523056,-3.04,-7314496,-0.09,580864176,7.52
BK0611,上证50_,1616.08,-0.64,-575011584,-1.35,-729814784,-1.71,154803200,0.36,3922688,0.01,571088640,1.34
BK1133,ERP概念,983.52,-2.7800000000000002,-576389856,-8.58,-388278480,-5.78,-188111376,-2.8,111842560,1.67,464547328,6.92
BK0911,口罩,1404.96,-0.5700000000000001,-581607008,-2.58,-177194592,-0.79,-404412416,-1.8,-229415424,-1.02,811022336,3.6
BK0884,光刻胶,2217.6,-1.8399999999999999,-589898192,-6.09,-125544480,-1.3,-464353712,-4.79,-80923888,-0.84,670822096,6.92
BK1089,汽车热管理,1159.96,-1.76,-596866864,-5.97,-294462800,-2.94,-302404064,-3.02,-42866736,-0.43,640733744,6.41
BK1013,华为欧拉,1063.88,-2.67,-603060576,-10.94,-298695888,-5.42,-304364688,-5.52,-72074528,-1.31,675135088,12.25
BK1118,数据确权,1412.69,-2.16,-608735408,-5.32,-295928160,-2.58,-312807248,-2.73,-4643184,-0.04,613378608,5.36
BK0671,彩票概念,2215.39,-1.2,-610850848,-6.55,-358528192,-3.84,-252322656,-2.71,101331728,1.09,509519136,5.46
BK0972,快手概念,1218.45,-1.73,-611545008,-7.44,-351473408,-4.28,-260071600,-3.17,-94216768,-1.15,705761776,8.59
BK0851,纾困概念,1449.26,-1.17,-621150240,-5.44,-116618400,-1.02,-504531840,-4.42,-168663616,-1.48,789813856,6.92
BK0937,蚂蚁概念,1021.57,-0.84,-621168992,-3.18,-543920480,-2.79,-77248512,-0.4,-225449728,-1.16,846618624,4.34
BK1049,EDR概念,926.95,-2.71,-643599280,-11.76,-340927472,-6.23,-302671808,-5.53,-15279552,-0.28,658878800,12.03
BK0916,氮化镓,1093.77,-1.6600000000000001,-657504688,-5.65,-191885184,-1.65,-465619504,-4.0,-191660400,-1.65,849165088,7.29
BK0977,碳化硅,1205.9,-1.9,-671907216,-10.02,-303126976,-4.52,-368780240,-5.5,-47919120,-0.71,719222576,10.72
BK0852,冷链物流,1539.71,-0.8300000000000001,-675976400,-4.83,-286616592,-2.05,-389359808,-2.7800000000000002,-128296960,-0.92,804273408,5.75
BK1008,国资云概念,1285.4,-1.48,-682928944,-8.57,-369193504,-4.63,-313735440,-3.94,41131168,0.52,641797760,8.05
BK0865,电子烟,1520.83,-2.01,-684543584,-6.63,-425102128,-4.12,-259441456,-2.51,-182028608,-1.76,866572192,8.4
BK0547,黄金概念,11210.36,-1.11,-695471632,-5.07,-318578272,-2.32,-376893360,-2.75,-106791680,-0.78,802263488,5.84
BK0883,数字货币,1366.84,-1.51,-700448368,-5.94,-252105968,-2.14,-448342400,-3.8,396528,0.0,700051824,5.93
BK1050,昨日涨停_含一字,106.08,4.65,-714602480,-3.51,-109246192,-0.54,-605356288,-2.9699999999999998,-126459648,-0.62,841062144,4.13
BK0815,昨日涨停,12158.8,4.65,-714602480,-3.51,-109246192,-0.54,-605356288,-2.9699999999999998,-126459648,-0.62,841062144,4.13
BK0703,超级电容,3474.65,-1.34,-721137696,-8.63,-397992880,-4.76,-323144816,-3.87,29801904,0.36,691335808,8.27
BK1048,IGBT概念,819.53,-1.6,-728580192,-6.52,-233435648,-2.09,-495144544,-4.43,-6215376,-0.06,734795584,6.58
BK0958,虚拟电厂,1894.72,-2.2,-734562944,-8.37,-349645216,-3.98,-384917728,-4.39,66312816,0.76,668250144,7.61
BK1067,杭州亚运会,1051.03,-1.03,-762480512,-6.91,-364014816,-3.3,-398465696,-3.61,73141888,0.66,689338608,6.25
BK0717,北京冬奥,771.16,-0.9500000000000001,-764380992,-6.38,-194794384,-1.62,-569586608,-4.75,-137176880,-1.1400000000000001,901557792,7.52
BK0601,海工装备,1426.2,-1.56,-767319168,-8.05,-256822448,-2.7,-510496720,-5.36,-150102912,-1.58,917422064,9.63
BK0839,知识产权,1605.27,-1.35,-771654480,-5.9,-373926208,-2.86,-397728272,-3.04,-80508928,-0.62,851222880,6.51
BK0592,铁路基建,2020.56,-1.42,-776273792,-5.4,-453354288,-3.15,-322919504,-2.25,17749248,0.12,758524416,5.28
BK0902,MiniLED,1498.15,-1.82,-777035600,-6.08,-187344464,-1.47,-589691136,-4.62,-210569776,-1.65,987605408,7.73
BK0653,养老概念,2361.04,-0.62,-798308960,-4.46,-500392624,-2.79,-297916336,-1.6600000000000001,-121863424,-0.68,920172544,5.14
BK0834,乡村振兴,1368.66,-0.6900000000000001,-799536304,-5.21,-333609472,-2.18,-465926832,-3.04,63498752,0.41000000000000003,736037632,4.8
BK0915,WiFi,923.76,-2.75,-801227984,-8.88,-547558720,-6.07,-253669264,-2.81,-18508528,-0.21,818725184,9.08
BK0918,特高压,1580.71,-1.51,-824199584,-6.8,-364809648,-3.01,-459389936,-3.79,-56261360,-0.46,880460896,7.27
BK0577,核能核电,1727.94,-1.05,-825544096,-5.31,-203964064,-1.31,-621580032,-4.0,-86358784,-0.56,911694080,5.86
BK1124,毫米波概念,1116.84,-2.76,-833942496,-8.84,-401144384,-4.25,-432798112,-4.59,-36535728,-0.39,869466880,9.22
BK0919,RCS概念,1111.58,-1.48,-835273152,-10.63,-585346656,-7.45,-249926496,-3.18,169198064,2.15,666075088,8.47
BK0498,AB股,9914.48,-0.81,-842538256,-7.7,-344269744,-3.15,-498268512,-4.55,-63999232,-0.58,906537600,8.29
BK0953,鸿蒙概念,1111.57,-1.79,-851293328,-5.94,-510779504,-3.56,-340513824,-2.38,-160551424,-1.12,1011844608,7.06
BK1101,Chiplet概念,1310.07,-1.47,-881634224,-6.97,-415290768,-3.2800000000000002,-466343456,-3.69,136611024,1.08,745023328,5.89
BK0966,碳交易,1555.83,-1.18,-895226480,-4.94,-434352128,-2.4,-460874352,-2.55,-194470912,-1.07,1089697280,6.02
BK0878,分拆预期,1321.44,-0.8300000000000001,-900434400,-5.01,-487054224,-2.71,-413380176,-2.3,-115675904,-0.64,1016110080,5.65
BK0998,机器视觉,1281.84,-2.35,-919726944,-8.68,-404951856,-3.8200000000000003,-514775088,-4.86,82914048,0.78,830687968,7.84
BK0940,网红直播,587.36,0.14,-920714128,-3.2,-334928272,-1.16,-585785856,-2.04,37890560,0.13,882823680,3.07
BK1127,AI芯片,1033.34,-3.16,-922307984,-13.36,-430052944,-6.23,-492255040,-7.13,241690768,3.5,680617200,9.86
BK1004,工业母机,1193.39,-1.17,-923648016,-4.66,-703716368,-3.55,-219931648,-1.11,240575232,1.21,677256704,3.42
BK1002,激光雷达,1101.29,-2.5300000000000002,-928310608,-9.91,-400443216,-4.27,-527867392,-5.63,14540016,0.16,913770576,9.75
BK0699,全息技术,2558.76,-2.95,-934910192,-17.65,-872093440,-16.47,-62816752,-1.19,302270240,5.71,632639968,11.95
BK0814,大飞机,1201.58,-1.63,-943382064,-7.92,-348785408,-2.93,-594596656,-4.99,116943168,0.98,826438880,6.94
BK0885,VPN,1025.91,-2.09,-959091088,-15.12,-731908752,-11.54,-227182336,-3.58,173488720,2.73,785602352,12.38
BK0881,3D玻璃,1065.08,-1.23,-979027984,-11.84,-992912832,-12.01,13884848,0.17,286968160,3.47,692059824,8.37
BK0534,成渝特区,16757.9,-1.0,-1017576224,-5.28,-490648096,-2.54,-526928128,-2.73,-124230144,-0.64,1141806080,5.92
BK0697,IPO受益,2594.48,-0.84,-1040155616,-7.82,-946484624,-7.12,-93670992,-0.7000000000000001,224429392,1.69,815726224,6.14
BK0935,中芯概念,1066.65,-1.6,-1051906544,-7.0,-570078704,-3.79,-481827840,-3.21,167677440,1.12,880437664,5.86
BK0964,6G概念,1013.9,-2.91,-1055589584,-12.69,-611183440,-7.35,-444406144,-5.34,110656240,1.33,943922016,11.35
BK0947,屏下摄像,839.02,-2.6,-1114130832,-13.97,-610011696,-7.65,-504119136,-6.32,134538192,1.69,979592624,12.28
BK0715,航母概念,770.07,-1.82,-1131692864,-12.51,-408105200,-4.51,-723587664,-8.0,136614304,1.51,995078560,11.0
BK1141,混合现实,1049.85,-3.15,-1138607808,-12.42,-773383632,-8.44,-365224176,-3.98,-172706304,-1.88,1311314128,14.3
BK0969,汽车芯片,1003.43,-2.76,-1140994784,-7.48,-507146352,-3.32,-633848432,-4.16,100992000,0.66,1040002688,6.82
BK0886,智慧政务,1046.35,-1.58,-1142311296,-5.44,-573062784,-2.73,-569248512,-2.71,63309312,0.30000000000000004,1086044416,5.18
BK0580,LED,2886.45,-1.46,-1157441504,-6.85,-461459808,-2.73,-695981696,-4.12,-316335360,-1.87,1472740608,8.72
BK0493,新能源,14372.81,-1.02,-1176019680,-4.18,-325912544,-1.16,-850107136,-3.02,-144336896,-0.51,1319964160,4.7
BK0942,商汤概念,987.03,-2.1,-1176580848,-14.95,-986416528,-12.53,-190164320,-2.42,186522000,2.37,990058832,12.58
BK1024,绿色电力,1015.73,-1.24,-1193526432,-7.71,-498052000,-3.22,-695474432,-4.49,32635648,0.21,1160890624,7.49
BK0853,电子竞技,1176.55,-1.52,-1208809600,-9.47,-707880672,-5.54,-500928928,-3.92,65660640,0.51,1143148960,8.95
BK0574,锂电池,2986.12,-0.56,-1221043456,-1.54,-739104000,-0.93,-481939456,-0.61,-678541568,-0.86,1898424064,2.4
BK0711,券商概念,867.12,-0.9500000000000001,-1229136784,-8.58,-814979120,-5.69,-414157664,-2.89,336559360,2.35,892577616,6.23
BK0523,新材料,23111.1,-0.8200000000000001,-1239405824,-2.54,-607909888,-1.24,-631495936,-1.29,-275395072,-0.56,1509175552,3.09
BK0682,燃料电池,3053.99,-1.15,-1240454416,-4.82,-637106448,-2.48,-603347968,-2.34,-189609216,-0.74,1426336768,5.54
BK1110,Web3.0,1360.77,-1.6600000000000001,-1248411968,-8.64,-500423696,-3.47,-747988272,-5.18,-2615040,-0.02,1251027088,8.66
BK0810,工业4.0,1841.31,-1.23,-1270624784,-4.34,-270704400,-0.92,-999920384,-3.42,27295488,0.09,1242079744,4.24
BK1144,高压快充,978.38,-2.34,-1280774416,-11.47,-1008944704,-9.04,-271829712,-2.43,254088128,2.2800000000000002,1026686304,9.2
BK0600,参股新三板,2213.64,-0.89,-1293871968,-5.57,-463812448,-2.0,-830059520,-3.5700000000000003,-314002432,-1.35,1607874560,6.92
BK0921,天基互联,1200.96,-2.96,-1298318272,-10.09,-681074304,-5.29,-617243968,-4.8,93143008,0.72,1205175168,9.36
BK0674,蓝宝石,2804.37,-1.88,-1331613184,-14.99,-887080896,-9.99,-444532288,-5.0,184895552,2.08,1146717632,12.91
BK0801,增强现实,960.08,-2.32,-1343408208,-10.31,-940346624,-7.22,-403061584,-3.09,211936128,1.63,1131472128,8.68
BK0926,湖北自贸,1292.47,-1.16,-1352250192,-12.85,-1072282336,-10.19,-279967856,-2.66,388424336,3.69,963825856,9.16
BK0903,云游戏,1194.69,-2.7199999999999998,-1364221280,-13.55,-856530720,-8.51,-507690560,-5.04,164955632,1.6400000000000001,1199265632,11.91
BK0619,3D打印,4394.35,-2.3,-1414014560,-11.25,-1033738080,-8.23,-380276480,-3.03,312776160,2.49,1101238512,8.76
BK0997,NFT概念,1321.07,-1.07,-1431397552,-8.64,-827260208,-4.99,-604137344,-3.65,90846976,0.55,1340550400,8.09
BK0535,QFII重仓,15861.46,-1.28,-1436542512,-3.05,-537752112,-1.1400000000000001,-898790400,-1.9100000000000001,-180041472,-0.38,1616584192,3.43
BK0897,IPv6,1076.85,-2.55,-1436971136,-14.3,-1008531344,-10.04,-428439792,-4.26,220529280,2.2,1216441856,12.11
BK0723,高送转,3242.07,-1.19,-1438095152,-3.55,-621597744,-1.53,-816497408,-2.01,-504074496,-1.24,1942169600,4.79
BK0721,PPP模式,643.71,-0.9400000000000001,-1452870752,-7.87,-769902448,-4.17,-682968304,-3.7,137400320,0.74,1315470080,7.13
BK0877,PCB,1457.32,-3.03,-1463565008,-8.74,-566068704,-3.38,-897496304,-5.36,-14883328,-0.09,1477400064,8.82
BK1112,破净股,1059.1,-0.16,-1474976000,-3.55,-710363136,-1.71,-764612864,-1.8399999999999999,-170108672,-0.41000000000000003,1639414272,3.95
BK1137,存储芯片,1122.95,-3.5300000000000002,-1505335216,-8.64,-665743136,-3.8200000000000003,-839592080,-4.82,28876544,0.17,1476458768,8.48
BK0923,字节概念,1073.29,-1.19,-1637701952,-6.6,-590078528,-2.38,-1047623424,-4.22,-345980672,-1.3900000000000001,1983682560,7.99
BK1138,液冷概念,865.77,-3.18,-1667939872,-12.68,-1190347568,-9.05,-477592304,-3.63,225202736,1.71,1391699136,10.58
BK0963,航天概念,1318.0,-2.3,-1674448176,-11.08,-787988944,-5.22,-886459232,-5.87,210481664,1.3900000000000001,1463966464,9.69
BK0514,参股券商,11625.54,-0.62,-1700371216,-6.99,-1069490448,-4.4,-630880768,-2.59,-130851584,-0.54,1831222784,7.53
BK0629,北斗导航,4435.28,-2.44,-1710658720,-11.59,-889181440,-6.02,-821477280,-5.57,27982080,0.19,1681665456,11.39
BK0595,风能,1813.58,-1.07,-1712154912,-5.95,-788261152,-2.74,-923893760,-3.21,114869248,0.4,1597057024,5.55
BK0960,无线充电,2068.51,-2.36,-1712526352,-10.34,-1055186048,-6.37,-657340304,-3.9699999999999998,-111531264,-0.67,1824057696,11.01
BK0864,氢能源,1076.22,-0.98,-1740910960,-4.97,-695690096,-1.98,-1045220864,-2.98,-146545152,-0.42,1884127744,5.37
BK0952,第三代半导体,1268.46,-1.8399999999999999,-1742046592,-7.85,-731310208,-3.3,-1010736384,-4.5600000000000005,-169211136,-0.76,1911257600,8.61
BK0905,传感器,1266.41,-2.25,-1748722016,-10.03,-1253062896,-7.18,-495659120,-2.84,301942528,1.73,1445642240,8.29
BK0912,远程办公,1392.13,-2.43,-1788587568,-9.23,-1684903984,-8.69,-103683584,-0.53,232282880,1.2,1556304736,8.03
BK0610,央视50_,2003.05,-0.85,-1809407008,-6.63,-1498045472,-5.49,-311361536,-1.1400000000000001,216727808,0.79,1592679424,5.84
BK0840,OLED,2145.31,-1.88,-1855945472,-6.52,-339564544,-1.19,-1516380928,-5.33,-455854080,-1.6,2311799552,8.12
BK0812,贬值受益,1063.09,-1.21,-1924580224,-7.97,-1676256640,-6.95,-248323584,-1.03,274159616,1.1400000000000001,1650211840,6.84
BK0823,养老金,1348.89,-0.84,-1925779024,-5.52,-1116710992,-3.2,-809068032,-2.32,-105829120,-0.30000000000000004,2031608064,5.82
BK0705,上证380,2300.24,-0.75,-1943432528,-3.2800000000000002,-1153218384,-1.9500000000000002,-790214144,-1.33,-238587136,-0.4,2182019840,3.68
BK0971,注册制次新股,936.45,-1.8900000000000001,-2043169360,-5.04,-330458704,-0.81,-1712710656,-4.22,353992192,0.87,1689177088,4.16
BK0668,医疗器械概念,3363.31,-0.8,-2044991760,-6.39,-1003323664,-3.13,-1041668096,-3.25,-184407040,-0.58,2228973312,6.96
BK0984,华为汽车,1433.91,-2.69,-2045426304,-10.82,-1203316592,-6.37,-842109712,-4.46,27823104,0.15,2017603072,10.67
BK0833,小米概念,1335.28,-2.35,-2075579840,-7.91,-730044864,-2.7800000000000002,-1345534976,-5.13,-68346624,-0.26,2143443712,8.17
BK0970,生物识别,1172.23,-2.32,-2101442384,-11.17,-1470345792,-7.82,-631096592,-3.35,135709696,0.72,1965732352,10.45
BK0525,参股银行,9089.19,-0.56,-2127878640,-5.11,-1161623792,-2.79,-966254848,-2.32,-78989056,-0.19,2206867968,5.3
BK1047,数据安全,907.84,-2.25,-2171528544,-12.24,-1362552128,-7.68,-808976416,-4.5600000000000005,255470848,1.44,1916058112,10.8
BK0581,智能电网,1473.19,-2.07,-2184699056,-8.17,-920528560,-3.44,-1264170496,-4.72,-45627136,-0.17,2230264064,8.34
BK0706,人脑工程,3436.89,-2.88,-2225158160,-18.09,-1708348672,-13.89,-516809488,-4.2,409729760,3.33,1815428400,14.76
BK0556,移动支付,9734.98,-1.12,-2228591520,-8.54,-1824879264,-6.99,-403712256,-1.55,352791808,1.35,1875799808,7.19
BK1135,数据要素,901.09,-2.85,-2301335008,-12.7,-1139217472,-6.29,-1162117536,-6.42,159203072,0.88,2142084352,11.83
BK0499,AH股,6756.82,-0.89,-2331840768,-4.57,-1605135360,-3.15,-726705408,-1.43,20309504,0.04,2311531520,4.53
BK0667,国家安防,2262.9,-2.14,-2382315952,-9.99,-1133457840,-4.75,-1248858112,-5.24,122844672,0.52,2259421696,9.48
BK0637,互联金融,3748.68,-0.66,-2397701632,-5.55,-1386119936,-3.21,-1011581696,-2.34,77219584,0.18,2320410624,5.37
BK0861,数字孪生,1181.47,-2.38,-2425490160,-12.16,-1808808432,-9.07,-616681728,-3.09,453152768,2.27,1972337408,9.89
BK0501,次新股,35830.0,-1.83,-2436095552,-5.28,-471207488,-1.02,-1964888064,-4.26,345441792,0.75,2090653952,4.53
BK0813,雄安新区,833.14,-0.79,-2556687680,-8.26,-1707406656,-5.52,-849281024,-2.74,330217216,1.07,2226470144,7.19
BK1064,东数西算,1213.96,-2.49,-2583075904,-12.87,-1601631808,-7.98,-981444096,-4.89,42579200,0.21,2491753216,12.42
BK0837,互联医疗,867.77,-1.56,-2585735584,-9.09,-1832970400,-6.45,-752765184,-2.65,275059200,0.97,2310647808,8.13
BK0505,中字头,7346.96,-1.42,-2694161136,-8.37,-1702228720,-5.29,-991932416,-3.08,307696384,0.96,2386040064,7.41
BK1088,F5G概念,1696.9,-3.96,-2704702176,-12.51,-2567095008,-11.87,-137607168,-0.64,629496832,2.91,2075205072,9.6
BK0528,转债标的,9002.72,-1.06,-2750081536,-3.86,-1316043264,-1.85,-1434038272,-2.01,-423922688,-0.6000000000000001,3174003968,4.46
BK0567,股权激励,2646.58,-1.25,-2802637552,-5.3,-1473339632,-2.7800000000000002,-1329297920,-2.51,-242721280,-0.46,3045358592,5.75
BK0704,无人机,1678.91,-2.0,-2848968896,-10.25,-1393417664,-5.01,-1455551232,-5.24,131894784,0.47000000000000003,2717073920,9.78
BK0989,储能,1666.19,-1.31,-2883558912,-4.75,-1242462208,-2.04,-1641096704,-2.7,-420998400,-0.6900000000000001,3299500288,5.43
BK0494,节能环保,10423.48,-1.1,-2924749792,-6.7,-1939009504,-4.44,-985740288,-2.26,190839552,0.44,2731853056,6.26
BK0638,创业成份,1790.9,-1.22,-2986640896,-6.73,-2427923968,-5.47,-558716928,-1.26,16265472,0.04,2970375680,6.7
BK1059,百元股,703.82,-1.9,-3023579904,-4.96,-2729555968,-4.47,-294023936,-0.48,780709376,1.28,2242870528,3.68
BK0808,军民融合,1324.01,-1.92,-3024667824,-10.17,-1460086704,-4.91,-1564581120,-5.26,149324032,0.5,2875298816,9.67
BK0644,特斯拉,4159.92,-1.78,-3072740864,-5.63,-1663150592,-3.05,-1409590272,-2.58,164579840,0.30000000000000004,2907678464,5.33
BK0713,2025规划,837.35,-1.55,-3088058832,-9.5,-1945959632,-5.99,-1142099200,-3.51,390458624,1.2,2697600000,8.3
BK0642,手游概念,1124.83,-2.0,-3104778784,-12.04,-1702244640,-6.6,-1402534144,-5.44,126896896,0.49,2977882112,11.55
BK0588,太阳能,3222.59,-1.25,-3124145152,-4.72,-993277696,-1.5,-2130867456,-3.22,-291892992,-0.44,3413789952,5.16
BK0893,无线耳机,1465.46,-2.04,-3171070592,-10.94,-2309790080,-7.97,-861280512,-2.9699999999999998,194760192,0.67,2976310272,10.26
BK1136,光通信模块,1090.53,-3.65,-3266806000,-12.72,-2253201904,-8.77,-1013604096,-3.95,540435456,2.1,2677627136,10.42
BK0509,网络游戏,10940.31,-1.81,-3356737360,-9.44,-1806373456,-5.08,-1550363904,-4.36,6727936,0.02,3350009600,9.42
BK0710,量子通信,1836.78,-2.4,-3396246384,-15.47,-2717237360,-12.37,-679009024,-3.09,581476608,2.65,2814769664,12.82
BK0666,苹果概念,2511.12,-1.63,-3401748480,-7.93,-2376197376,-5.54,-1025551104,-2.39,352726784,0.8200000000000001,3049021440,7.11
BK0612,上证180_,1391.25,-0.68,-3463824640,-3.55,-2865395456,-2.93,-598429184,-0.61,523048704,0.54,2940776192,3.01
BK1005,专精特新,970.01,-1.5899999999999999,-3464303568,-5.1,-1318859728,-1.94,-2145443840,-3.16,-158575616,-0.23,3524866304,5.19
BK0689,阿里概念,1989.76,-1.22,-3521567248,-10.44,-2580620048,-7.65,-940947200,-2.79,476879616,1.4100000000000001,3044687872,9.02
BK1111,AIGC概念,1565.39,-2.05,-3566864864,-10.46,-2304418784,-6.76,-1262446080,-3.7,392075520,1.15,3174789376,9.31
BK0835,独角兽,1560.54,-0.9400000000000001,-3631851008,-7.53,-2749789184,-5.7,-882061824,-1.83,21220608,0.04,3610630144,7.49
BK0662,在线教育,1846.02,-1.43,-3688663296,-8.16,-2380317440,-5.26,-1308345856,-2.89,228785152,0.51,3460691456,7.65
BK1055,虚拟数字人,1043.69,-2.06,-3748583328,-12.78,-2610099616,-8.9,-1138483712,-3.88,558306816,1.9,3190276352,10.88
BK0680,智能家居,2179.9,-1.9300000000000002,-3792245872,-9.56,-3073819248,-7.75,-718426624,-1.81,191927296,0.48,3599527424,9.07
BK0700,充电桩,2062.51,-2.01,-3804989088,-8.39,-2344382624,-5.17,-1460606464,-3.22,468696832,1.03,3336292096,7.36
BK1139,中特估,936.1,-1.33,-3828415232,-11.06,-2851208960,-8.24,-977206272,-2.8200000000000003,619651072,1.79,3208764160,9.27
BK0859,超清视频,1555.13,-2.13,-4045499040,-12.57,-2754850720,-8.56,-1290648320,-4.01,589899520,1.83,3454659072,10.74
BK0845,百度概念,1236.85,-2.12,-4051364864,-7.64,-2102942208,-3.9699999999999998,-1948422656,-3.67,25080064,0.05,4026284800,7.59
BK0743,深证100R,1164.84,-0.96,-4057533696,-5.58,-2703385088,-3.7199999999999998,-1354148608,-1.8599999999999999,-263389184,-0.36,4320922880,5.94
BK0641,智能穿戴,2333.81,-2.16,-4085862672,-11.24,-2699868688,-7.43,-1385993984,-3.81,110778624,0.30000000000000004,3975084032,10.93
BK0832,工业互联,1639.95,-1.69,-4110710272,-8.1,-2662973184,-5.25,-1447737088,-2.85,480475904,0.9500000000000001,3629507328,7.15
BK0549,深圳特区,26274.74,-1.48,-4141859072,-6.03,-2457899520,-3.58,-1683959552,-2.45,-531758336,-0.77,4673617152,6.8
BK0860,边缘计算,1515.98,-2.41,-4171421808,-11.02,-2358105712,-6.23,-1813316096,-4.79,380417536,1.0,3791004160,10.01
BK1061,数字经济,987.71,-1.79,-4180657760,-10.81,-2316925792,-5.99,-1863731968,-4.82,537808128,1.3900000000000001,3651165952,9.44
BK0655,网络安全,3802.09,-2.25,-4255180944,-10.63,-2514790288,-6.28,-1740390656,-4.35,450837248,1.13,3804343808,9.5
BK0718,证金持股,1158.83,-0.77,-4302317312,-4.6,-2741544448,-2.93,-1560772864,-1.67,-469284608,-0.5,4771602176,5.1
BK0594,长江三角,2151.42,-0.86,-4341112016,-6.82,-1987721936,-3.12,-2353390080,-3.7,89828864,0.14,4251282944,6.68
BK0712,一带一路,1163.48,-1.04,-4377245440,-6.49,-2109137920,-3.13,-2268107520,-3.36,200261888,0.30000000000000004,4176983552,6.2
BK1090,机器人概念,1260.61,-1.58,-4385920256,-7.1,-2571096832,-4.16,-1814823424,-2.94,386603520,0.63,3994490880,6.46
BK0696,国产软件,2591.86,-2.19,-4452963744,-8.68,-3026150816,-5.9,-1426812928,-2.7800000000000002,353831680,0.6900000000000001,4105938688,8.0
BK0920,车联网,1107.5,-2.11,-4594174624,-10.38,-3054709408,-6.9,-1539465216,-3.48,246913280,0.56,4346249984,9.82
BK0640,智能机器,3786.64,-1.6800000000000002,-4915563264,-8.16,-3483729664,-5.79,-1431833600,-2.38,734273280,1.22,4181290240,6.94
BK1128,CPO概念,1913.79,-4.51,-5072054784,-13.22,-3762723328,-9.81,-1309331456,-3.41,694028800,1.81,4329282560,11.28
BK0506,创投,13067.78,-1.01,-5086161152,-7.61,-3028119296,-4.53,-2058041856,-3.08,226825472,0.34,4859335680,7.27
BK1126,ChatGPT概念,1506.48,-2.19,-5095567232,-12.53,-3196886912,-7.86,-1898680320,-4.67,781987584,1.92,4313579776,10.61
BK0628,智慧城市,3998.97,-1.9100000000000001,-5130185824,-11.32,-3507730272,-7.74,-1622455552,-3.58,536544768,1.18,4592158976,10.13
BK0722,虚拟现实,840.15,-2.17,-5178636160,-9.63,-2794641792,-5.2,-2383994368,-4.43,249370624,0.46,4930081792,9.17
BK0922,数据中心,1345.32,-2.01,-5350901504,-9.28,-3092804864,-5.36,-2258096640,-3.91,339548160,0.59,4962609664,8.6
BK1009,元宇宙概念,1622.56,-2.11,-5775735296,-11.78,-3672422400,-7.49,-2103312896,-4.29,500221952,1.02,5276329472,10.77
BK1134,算力概念,1107.17,-3.37,-6008088320,-14.1,-4481135104,-10.51,-1526953216,-3.58,1421120512,3.33,4586968064,10.76
BK0917,半导体概念,1460.16,-2.03,-6009970432,-8.12,-3122042112,-4.22,-2887928320,-3.9,304399360,0.41000000000000003,5701779200,7.7
BK0802,无人驾驶,1337.29,-2.59,-6089572608,-10.13,-3591428352,-5.97,-2498144256,-4.15,27637760,0.05,6061934336,10.08
BK0490,军工,52814.01,-1.73,-6169391104,-7.87,-2550653952,-3.25,-3618737152,-4.62,87653632,0.11,6075450624,7.75
BK0830,区块链,897.16,-1.62,-6572696064,-8.58,-3398058240,-4.43,-3174637824,-4.14,303162368,0.4,6269533440,8.18
BK1104,信创,1352.0,-2.26,-6921536000,-9.85,-4596436736,-6.54,-2325099264,-3.31,522508032,0.74,6407272960,9.12
BK0554,物联网,11342.11,-1.99,-7756039936,-8.66,-4628055296,-5.17,-3127984640,-3.49,742233600,0.8300000000000001,7012846336,7.83
BK0634,大数据,3862.0,-1.9300000000000002,-7812019456,-8.99,-4434226432,-5.1,-3377793024,-3.89,690003712,0.79,7115116800,8.19
BK0701,中证500,1911.03,-0.8300000000000001,-7912395520,-6.4,-5351465216,-4.33,-2560930304,-2.07,346130176,0.28,7566265344,6.12
BK0500,HS300_,9916.86,-0.88,-8456350464,-4.85,-6103774208,-3.5,-2352576256,-1.35,246006272,0.14,8210344192,4.71
BK0900,新能源车,1527.53,-1.65,-8461696768,-6.51,-5050341376,-3.89,-3411355392,-2.63,-371269888,-0.29,8823373824,6.79
BK0683,国企改革,3756.39,-0.92,-8963807232,-4.83,-4312224512,-2.32,-4651582720,-2.51,-781861888,-0.42,9743963648,5.25
BK0570,预亏预减,1808.88,-0.99,-9038817536,-5.55,-4610566912,-2.83,-4428250624,-2.7199999999999998,-602720768,-0.37,9641538048,5.92
BK1140,央企改革,1013.97,-1.38,-9359930112,-8.59,-5352591360,-4.91,-4007338752,-3.68,800461824,0.73,8505898496,7.8
BK0579,云计算,2453.41,-2.33,-9792493824,-10.89,-6508238848,-7.24,-3284254976,-3.65,1619345664,1.8,8165622528,9.08
BK0891,国产芯片,2591.01,-2.36,-10004193024,-9.77,-5275702016,-5.15,-4728491008,-4.62,799360512,0.78,9204707840,8.98
BK0571,预盈预增,4058.88,-0.97,-10165181440,-4.22,-4354663168,-1.81,-5810518272,-2.41,-924749824,-0.38,11089932288,4.61
BK0714,5G概念,1009.37,-2.39,-10243166464,-10.57,-6562911744,-6.77,-3680254720,-3.8,836880896,0.86,9404026880,9.71
BK0552,机构重仓,12980.53,-1.19,-10417424896,-5.28,-4696702720,-2.38,-5720722176,-2.9,-500884480,-0.25,10918310400,5.53
BK0742,创业板综,1271.22,-1.3599999999999999,-11492153856,-5.55,-5523582720,-2.67,-5968571136,-2.88,-116776960,-0.06,11608931328,5.61
BK0707,沪股通,1930.62,-0.98,-11502421760,-4.76,-7054855424,-2.92,-4447566336,-1.8399999999999999,458321920,0.19,11044098048,4.57
BK0568,深成500,1094.04,-0.98,-12642782976,-6.77,-8235605504,-4.41,-4407177472,-2.36,-249395200,-0.13,12892178176,6.91
BK0854,华为概念,2655.41,-2.07,-13351552256,-8.25,-7579340800,-4.68,-5772211456,-3.5700000000000003,64829184,0.04,13286642176,8.21
BK0800,人工智能,1242.24,-1.9500000000000002,-14133424384,-9.66,-8366733824,-5.72,-5766690560,-3.94,1590595840,1.09,12542826240,8.57
BK0821,MSCI中国,1195.48,-0.85,-14652224000,-5.41,-10077545216,-3.7199999999999998,-4574678784,-1.69,626794496,0.23,14025434368,5.18
BK0879,标准普尔,1387.89,-0.85,-16329889536,-5.64,-10140023808,-3.5,-6189865728,-2.14,-583385088,-0.2,16913281024,5.84
BK0804,深股通,955.91,-1.08,-21075133440,-6.16,-11230200832,-3.2800000000000002,-9844932608,-2.88,-1520271360,-0.44,22595403776,6.6
BK0867,富时罗素,1402.81,-0.97,-22564063744,-6.06,-13983373824,-3.76,-8580689920,-2.31,-332898304,-0.09,22896959488,6.15
BK0596,融资融券,2076.31,-1.18,-35810699520,-5.63,-19411372288,-3.05,-16399327232,-2.58,-91623424,-0.01,35810054144,5.63
